fluence,length,alt,az,transient_id,est_length,n_src,n_bkg,alt_ml,az_ml,err,exp_angdist,conf,wait_time,mapping_time
0.582,17.201,78.284,135.000,0,17.2,130,634,78.284,143.438,1.712,3.531,0.2192,17.201,0.454
1.671,18.925,78.284,135.000,100,18.9,305,714,68.679,156.724,11.264,11.349,0.9999,18.925,0.171
3.010,6.270,78.284,135.000,101,6.3,522,248,80.487,121.154,3.355,3.749,0.9107,6.270,0.106
1.830,29.444,78.284,135.000,102,29.4,302,1097,73.865,141.136,4.653,5.574,0.9250,29.444,0.166
0.989,9.380,78.284,135.000,103,9.4,176,371,74.603,126.429,4.184,5.461,0.6527,9.380,0.316
2.077,9.618,78.284,135.000,104,9.6,331,388,75.341,146.250,3.892,3.960,0.7850,9.618,0.158
2.841,23.902,78.284,135.000,105,23.9,463,866,81.953,126.818,3.919,3.896,0.9611,23.902,0.118
2.241,19.551,78.284,135.000,106,19.6,372,719,75.341,146.250,3.892,3.679,0.7977,19.551,0.129
0.814,6.143,78.284,135.000,107,6.1,141,217,70.907,143.654,7.708,7.246,0.9525,6.143,0.205
4.492,17.946,78.284,135.000,108,17.9,768,683,77.549,140.294,1.329,1.124,0.1452,17.946,0.095
3.095,16.812,78.284,135.000,109,16.8,550,637,73.865,141.136,4.653,4.407,0.9986,16.812,0.093
3.650,15.814,78.284,135.000,10,15.8,655,607,75.341,146.250,3.892,3.632,0.9585,15.814,0.098
3.274,12.582,78.284,135.000,110,12.6,554,454,75.341,123.750,3.892,4.043,0.9909,12.582,0.112
0.719,26.803,78.284,135.000,111,26.8,121,1023,70.907,178.269,13.179,16.160,0.9868,26.803,0.816
2.281,17.203,78.284,135.000,112,17.2,408,574,77.549,135.000,0.735,1.549,0.0000,17.203,0.116
4.864,22.980,78.284,135.000,113,23.0,785,899,76.814,132.500,1.566,1.857,0.5277,22.980,0.093
2.278,16.000,78.284,135.000,114,16.0,364,640,75.341,137.250,2.987,3.262,0.7435,16.000,0.140
2.186,25.821,78.284,135.000,115,25.8,344,1003,76.077,135.000,2.207,2.448,0.3840,25.821,0.158
2.917,12.443,78.284,135.000,116,12.4,516,492,76.077,139.737,2.442,2.481,0.6927,12.443,0.107
1.309,9.578,78.284,135.000,117,9.6,227,371,76.077,144.474,3.041,3.477,0.6262,9.578,0.174
1.765,28.206,78.284,135.000,118,28.2,313,1020,75.341,137.250,2.987,3.209,0.6794,28.206,0.162
2.155,18.841,78.284,135.000,119,18.8,338,741,75.341,141.750,3.317,3.393,0.6972,18.841,0.140
4.241,26.291,78.284,135.000,11,26.3,739,977,75.341,137.250,2.987,3.341,0.9656,26.291,0.102
4.601,8.619,78.284,135.000,120,8.6,816,328,76.814,132.500,1.566,1.482,0.3411,8.619,0.145
4.071,9.464,78.284,135.000,121,9.5,675,397,76.077,139.737,2.442,2.893,0.9323,9.464,0.084
3.486,16.633,78.284,135.000,122,16.6,532,601,79.019,129.000,1.390,1.400,0.3402,16.633,0.103
3.935,21.248,78.284,135.000,123,21.2,671,776,76.077,144.474,3.041,3.512,0.9840,21.248,0.086
3.982,22.187,78.284,135.000,124,22.2,671,845,76.814,132.500,1.566,2.060,0.4738,22.187,0.110
3.769,8.295,78.284,135.000,125,8.3,675,325,76.814,127.500,2.183,2.000,0.6238,8.295,0.116
0.631,8.425,78.284,135.000,126,8.4,97,257,81.220,131.250,3.009,4.224,0.4867,8.425,0.275
1.804,25.144,78.284,135.000,127,25.1,318,869,70.907,150.577,8.396,7.374,0.9848,25.144,0.245
4.138,9.608,78.284,135.000,128,9.6,698,386,76.077,130.263,2.442,2.140,0.6166,9.608,0.097
4.482,27.693,78.284,135.000,129,27.7,737,1070,76.077,139.737,2.442,2.159,0.6014,27.693,0.118
2.597,26.802,78.284,135.000,12,26.8,435,1036,75.341,132.750,2.987,3.408,0.8461,26.802,0.114
4.802,10.345,78.284,135.000,130,10.3,807,394,76.814,137.500,1.566,1.893,0.5944,10.345,0.090
3.730,8.319,78.284,135.000,131,8.3,704,319,75.341,141.750,3.317,3.116,0.9868,8.319,0.082
0.901,14.335,78.284,135.000,132,14.3,148,505,50.480,255.566,46.400,44.533,0.8845,14.335,0.934
2.441,25.881,78.284,135.000,133,25.9,406,993,76.814,142.500,2.183,2.450,0.4904,25.881,0.147
2.296,22.163,78.284,135.000,134,22.2,387,813,76.814,137.500,1.566,2.286,0.3449,22.163,0.121
4.397,9.825,78.284,135.000,135,9.8,723,352,76.814,132.500,1.566,1.972,0.5828,9.825,0.093
1.227,28.515,78.284,135.000,136,28.5,211,1064,76.814,132.500,1.566,3.390,0.0425,28.515,0.358
1.032,11.492,78.284,135.000,137,11.5,157,406,71.648,145.800,7.176,7.466,0.9966,11.492,0.161
4.347,26.356,78.284,135.000,138,26.4,739,958,79.753,144.643,2.347,2.364,0.8454,26.356,0.104
2.357,9.871,78.284,135.000,139,9.9,411,367,75.341,137.250,2.987,3.354,0.9369,9.871,0.136
1.123,10.752,78.284,135.000,13,10.8,188,410,72.388,121.875,6.733,6.976,0.9895,10.752,0.243
1.255,10.694,78.284,135.000,140,10.7,202,406,81.953,175.909,7.689,7.723,0.9311,10.694,0.216
4.488,24.075,78.284,135.000,141,24.1,731,930,75.341,128.250,3.317,3.694,0.9620,24.075,0.109
4.409,7.251,78.284,135.000,142,7.3,778,260,76.077,130.263,2.442,2.131,0.7656,7.251,0.087
1.277,20.523,78.284,135.000,143,20.5,212,800,76.814,127.500,2.183,3.639,0.2874,20.523,0.228
2.604,23.310,78.284,135.000,144,23.3,440,810,74.603,135.000,3.681,4.292,0.9237,23.310,0.130
4.439,24.350,78.284,135.000,145,24.3,759,945,79.753,118.929,3.381,3.707,0.9441,24.350,0.113
1.726,13.639,78.284,135.000,146,13.6,279,529,79.753,131.786,1.591,2.234,0.1333,13.639,0.187
3.061,10.665,78.284,135.000,147,10.7,533,377,75.341,128.250,3.317,3.566,0.9655,10.665,0.123
1.112,10.821,78.284,135.000,148,10.8,170,410,70.907,119.423,8.396,8.209,0.9519,10.821,0.211
2.013,16.497,78.284,135.000,149,16.5,338,657,76.077,139.737,2.442,2.891,0.4854,16.497,0.193
4.848,24.183,78.284,135.000,14,24.2,850,882,75.341,141.750,3.317,3.531,0.9748,24.183,0.092
0.928,20.564,78.284,135.000,150,20.6,164,763,74.603,143.571,4.184,6.179,0.6501,20.564,0.315
1.870,20.398,78.284,135.000,151,20.4,297,722,80.487,148.846,3.355,3.683,0.8110,20.398,0.217
0.948,7.156,78.284,135.000,152,7.2,173,272,73.865,132.955,4.445,5.875,0.9447,7.156,0.172
4.429,15.657,78.284,135.000,153,15.7,762,559,76.077,130.263,2.442,2.675,0.9210,15.657,0.084
2.708,5.804,78.284,135.000,154,5.8,502,235,75.341,146.250,3.892,3.403,0.8438,5.804,0.143
0.708,6.928,78.284,135.000,155,6.9,112,261,79.753,163.929,5.637,6.702,0.9510,6.928,0.255
4.118,18.830,78.284,135.000,156,18.8,671,713,74.603,126.429,4.184,4.323,0.9979,18.830,0.090
4.402,14.398,78.284,135.000,157,14.4,712,571,76.077,139.737,2.442,2.766,0.8993,14.398,0.093
2.605,7.948,78.284,135.000,158,7.9,413,296,75.341,128.250,3.317,3.703,0.9289,7.948,0.121
4.302,20.732,78.284,135.000,159,20.7,737,846,75.341,137.250,2.987,3.016,0.9693,20.732,0.090
3.664,7.359,78.284,135.000,15,7.4,619,280,78.284,132.188,0.571,0.998,0.5118,7.359,0.088
1.996,7.453,78.284,135.000,160,7.5,357,249,77.549,129.706,1.329,1.783,0.3549,7.453,0.130
2.600,11.580,78.284,135.000,161,11.6,485,420,75.341,128.250,3.317,3.533,0.8832,11.580,0.106
4.730,17.689,78.284,135.000,162,17.7,810,671,76.814,137.500,1.566,1.668,0.4154,17.689,0.100
2.885,29.180,78.284,135.000,163,29.2,447,1179,76.077,139.737,2.442,2.681,0.6260,29.180,0.149
4.710,9.182,78.284,135.000,164,9.2,847,342,75.341,128.250,3.317,3.144,0.9873,9.182,0.083
0.945,14.851,78.284,135.000,165,14.9,163,576,76.077,158.684,5.649,6.440,0.9587,14.851,0.302
3.175,20.303,78.284,135.000,166,20.3,539,751,73.865,137.045,4.445,4.205,0.9978,20.303,0.100
2.667,6.800,78.284,135.000,167,6.8,456,304,74.603,122.143,4.736,4.722,0.9986,6.800,0.091
2.292,22.998,78.284,135.000,168,23.0,380,836,74.603,139.286,3.813,3.932,0.8733,22.998,0.130
3.041,18.560,78.284,135.000,169,18.6,530,672,76.077,120.789,3.833,3.726,0.9683,18.560,0.103
1.893,9.446,78.284,135.000,16,9.4,321,301,80.487,148.846,3.355,3.255,0.7595,9.446,0.141
0.960,20.596,78.284,135.000,170,20.6,166,725,72.388,148.125,6.733,6.827,0.9737,20.596,0.227
0.563,19.925,78.284,135.000,171,19.9,96,755,76.077,130.263,2.442,4.023,0.1369,19.925,0.455
3.544,29.736,78.284,135.000,172,29.7,658,1116,74.603,143.571,4.184,4.380,0.9965,29.736,0.099
1.410,22.506,78.284,135.000,173,22.5,208,831,74.603,147.857,4.736,5.290,0.6634,22.506,0.213
4.283,10.460,78.284,135.000,174,10.5,735,429,79.753,125.357,2.347,2.580,0.9047,10.460,0.110
2.548,15.280,78.284,135.000,175,15.3,425,508,80.487,128.077,2.541,3.111,0.7427,15.280,0.134
4.576,14.702,78.284,135.000,176,14.7,769,522,76.814,137.500,1.566,1.780,0.3999,14.702,0.089
4.873,17.794,78.284,135.000,177,17.8,786,685,73.865,141.136,4.653,4.920,0.9998,17.794,0.115
0.579,23.839,78.284,135.000,178,23.8,92,886,81.953,77.727,9.972,12.273,0.9943,23.839,0.559
0.926,17.172,78.284,135.000,179,17.2,142,586,76.077,144.474,3.041,4.997,0.2685,17.172,0.637
0.582,12.739,78.284,135.000,17,12.7,88,478,46.572,314.224,55.143,54.716,0.9999,12.739,0.465
0.691,9.297,78.284,135.000,180,9.3,111,383,78.284,132.188,0.571,2.698,0.1512,9.297,0.235
4.320,29.702,78.284,135.000,181,29.7,781,1179,76.814,132.500,1.566,1.687,0.3360,29.702,0.103
2.750,8.608,78.284,135.000,182,8.6,421,318,76.814,132.500,1.566,2.080,0.3248,8.608,0.125
1.336,15.399,78.284,135.000,183,15.4,232,602,70.907,122.885,8.011,7.501,0.9800,15.399,0.191
2.915,9.115,78.284,135.000,184,9.1,474,329,79.753,151.071,3.381,3.529,0.9805,9.115,0.092
1.616,18.080,78.284,135.000,185,18.1,259,677,79.019,123.000,2.468,3.363,0.5352,18.080,0.167
3.971,11.502,78.284,135.000,186,11.5,658,451,79.753,138.214,1.591,1.515,0.6599,11.502,0.093
3.092,25.932,78.284,135.000,187,25.9,535,991,76.077,125.526,3.041,3.252,0.7602,25.932,0.120
2.224,25.067,78.284,135.000,188,25.1,351,881,74.603,126.429,4.184,4.312,0.9116,25.067,0.136
1.783,19.713,78.284,135.000,189,19.7,287,740,73.865,145.227,5.042,4.968,0.9631,19.713,0.159
4.617,20.273,78.284,135.000,18,20.3,844,691,77.549,135.000,0.735,0.927,0.0000,20.273,0.101
2.916,19.466,78.284,135.000,190,19.5,497,707,75.341,132.750,2.987,2.936,0.7797,19.466,0.113
3.159,25.880,78.284,135.000,191,25.9,499,964,75.341,119.250,4.620,4.517,0.9501,25.880,0.156
2.144,22.475,78.284,135.000,192,22.5,375,812,74.603,126.429,4.184,5.583,0.9260,22.475,0.164
4.377,11.369,78.284,135.000,193,11.4,711,379,76.077,139.737,2.442,2.585,0.8989,11.369,0.126
1.886,10.914,78.284,135.000,194,10.9,320,445,79.753,138.214,1.591,2.416,0.8336,10.914,0.147
2.828,5.772,78.284,135.000,195,5.8,505,223,74.603,147.857,4.736,4.227,0.9328,5.772,0.116
4.750,13.108,78.284,135.000,196,13.1,816,489,76.077,149.211,3.833,3.877,0.9733,13.108,0.107
2.937,7.892,78.284,135.000,197,7.9,521,274,76.814,132.500,1.566,1.731,0.3100,7.892,0.099
3.438,27.292,78.284,135.000,198,27.3,612,994,79.753,138.214,1.591,1.749,0.4688,27.292,0.123
0.749,22.104,78.284,135.000,199,22.1,120,758,72.388,136.875,5.915,5.839,0.8482,22.104,0.733
4.629,6.362,78.284,135.000,19,6.4,807,211,70.907,143.654,7.708,7.954,1.0000,6.362,0.096
3.607,9.735,78.284,135.000,1,9.7,563,381,76.814,142.500,2.183,2.559,0.7624,9.735,0.096
2.141,9.671,78.284,135.000,200,9.7,355,350,77.549,124.412,2.331,2.407,0.6457,9.671,0.124
4.741,18.214,78.284,135.000,201,18.2,858,688,75.341,141.750,3.317,3.078,0.9765,18.214,0.089
2.713,9.620,78.284,135.000,202,9.6,473,369,75.341,141.750,3.317,3.352,0.8797,9.620,0.105
3.659,25.141,78.284,135.000,203,25.1,622,940,76.077,125.526,3.041,3.031,0.8670,25.141,0.116
0.509,22.962,78.284,135.000,204,23.0,101,841,63.448,183.750,20.652,22.528,0.9928,22.962,0.934
3.029,17.014,78.284,135.000,205,17.0,526,658,75.341,128.250,3.317,3.616,0.9220,17.014,0.114
2.896,13.236,78.284,135.000,206,13.2,481,460,74.603,139.286,3.813,4.162,0.9914,13.236,0.127
4.770,7.392,78.284,135.000,207,7.4,829,256,76.814,132.500,1.566,1.572,0.4196,7.392,0.087
4.199,26.394,78.284,135.000,208,26.4,766,939,77.549,135.000,0.735,1.320,0.0000,26.394,0.100
3.429,11.154,78.284,135.000,209,11.2,583,455,75.341,141.750,3.317,3.367,0.9489,11.154,0.095
1.352,24.048,78.284,135.000,20,24.0,252,924,75.341,146.250,3.892,4.687,0.7099,24.048,0.321
4.160,22.358,78.284,135.000,210,22.4,703,798,79.753,131.786,1.591,1.498,0.6208,22.358,0.098
0.573,19.765,78.284,135.000,211,19.8,101,668,78.284,154.688,3.979,4.897,0.7037,19.765,0.424
0.973,15.805,78.284,135.000,212,15.8,155,610,64.199,178.714,19.015,17.903,0.9973,15.805,0.361
4.177,23.509,78.284,135.000,213,23.5,701,920,73.865,141.136,4.653,4.955,0.9998,23.509,0.095
1.059,23.405,78.284,135.000,214,23.4,151,803,76.814,142.500,2.183,3.469,0.3242,23.405,0.217
3.772,13.924,78.284,135.000,215,13.9,588,547,79.753,144.643,2.347,2.634,0.8181,13.924,0.117
3.924,27.933,78.284,135.000,216,27.9,638,1038,75.341,137.250,2.987,2.947,0.9394,27.933,0.093
1.575,28.360,78.284,135.000,217,28.4,241,1025,75.341,141.750,3.317,3.626,0.2455,28.360,0.220
4.584,12.484,78.284,135.000,218,12.5,812,448,76.077,130.263,2.442,2.588,0.8847,12.484,0.089
0.502,26.012,78.284,135.000,219,26.0,88,962,74.603,169.286,8.671,8.869,0.9523,26.012,0.531
4.934,26.941,78.284,135.000,21,26.9,855,1034,76.077,130.263,2.442,2.178,0.6412,26.941,0.105
0.778,23.631,78.284,135.000,220,23.6,132,851,76.077,139.737,2.442,4.784,0.1820,23.631,0.516
4.058,6.103,78.284,135.000,221,6.1,709,242,77.549,140.294,1.329,1.484,0.4078,6.103,0.097
3.650,22.452,78.284,135.000,222,22.5,668,803,75.341,141.750,3.317,3.213,0.9606,22.452,0.088
1.459,21.479,78.284,135.000,223,21.5,220,811,79.753,125.357,2.347,3.539,0.3927,21.479,0.245
0.667,27.458,78.284,135.000,224,27.5,118,907,73.127,123.261,5.891,5.942,0.6481,27.458,0.605
1.657,7.551,78.284,135.000,225,7.6,290,308,70.907,143.654,7.708,6.890,0.9235,7.551,0.175
3.731,14.725,78.284,135.000,226,14.7,595,579,76.814,137.500,1.566,1.804,0.4421,14.725,0.102
3.628,17.650,78.284,135.000,227,17.6,624,662,76.814,137.500,1.566,1.565,0.2047,17.650,0.145
3.416,24.450,78.284,135.000,228,24.4,568,924,73.865,141.136,4.653,5.280,0.9891,24.450,0.122
0.901,18.340,78.284,135.000,229,18.3,157,672,70.165,141.667,8.306,8.523,0.8345,18.340,0.362
2.922,7.797,78.284,135.000,22,7.8,496,315,75.341,141.750,3.317,3.173,0.9458,7.797,0.088
0.687,12.666,78.284,135.000,230,12.7,109,418,81.953,143.182,3.919,5.215,0.6849,12.666,0.317
4.119,11.693,78.284,135.000,231,11.7,700,447,77.549,129.706,1.329,1.449,0.3524,11.693,0.114
3.743,23.276,78.284,135.000,232,23.3,628,894,76.814,137.500,1.566,1.610,0.1455,23.276,0.118
3.467,9.984,78.284,135.000,233,10.0,558,326,76.077,130.263,2.442,2.405,0.7434,9.984,0.110
2.515,7.733,78.284,135.000,234,7.7,397,289,76.077,135.000,2.207,2.375,0.6289,7.733,0.106
3.033,28.018,78.284,135.000,235,28.0,559,1032,79.019,141.000,1.390,1.824,0.5796,28.018,0.116
3.909,29.710,78.284,135.000,236,29.7,688,1100,75.341,137.250,2.987,2.695,0.8164,29.710,0.100
3.717,10.057,78.284,135.000,237,10.1,587,389,76.077,172.895,8.523,6.624,0.9962,10.057,0.116
0.792,27.732,78.284,135.000,238,27.7,160,1024,73.127,123.261,5.891,7.206,0.7106,27.732,0.518
4.990,11.230,78.284,135.000,239,11.2,845,441,76.077,139.737,2.442,2.367,0.8824,11.230,0.084
4.350,14.149,78.284,135.000,23,14.1,738,538,76.814,137.500,1.566,1.620,0.4175,14.149,0.086
2.134,7.411,78.284,135.000,240,7.4,383,256,76.814,122.500,3.062,3.181,0.8910,7.411,0.107
2.595,16.686,78.284,135.000,241,16.7,420,667,79.019,135.000,0.735,1.625,0.5367,16.686,0.114
1.621,11.448,78.284,135.000,242,11.4,259,409,75.341,146.250,3.892,4.050,0.8836,11.448,0.126
1.889,15.424,78.284,135.000,243,15.4,310,538,74.603,143.571,4.184,4.408,0.9038,15.424,0.145
3.644,29.591,78.284,135.000,244,29.6,608,1066,76.077,125.526,3.041,2.735,0.5703,29.591,0.130
4.464,28.276,78.284,135.000,245,28.3,791,1054,76.077,139.737,2.442,2.269,0.7306,28.276,0.104
1.061,20.642,78.284,135.000,246,20.6,193,789,62.697,200.676,24.709,21.994,0.7503,20.642,0.566
4.263,11.367,78.284,135.000,247,11.4,684,412,75.341,146.250,3.892,3.885,0.9946,11.367,0.089
3.272,29.685,78.284,135.000,248,29.7,585,1082,74.603,130.714,3.813,3.508,0.9603,29.685,0.105
4.664,5.930,78.284,135.000,249,5.9,751,199,76.077,139.737,2.442,2.622,0.9534,5.930,0.091
4.539,13.736,78.284,135.000,24,13.7,759,545,76.814,132.500,1.566,1.648,0.4280,13.736,0.098
4.633,22.472,78.284,135.000,250,22.5,786,822,77.549,129.706,1.329,1.380,0.1802,22.472,0.106
4.060,7.938,78.284,135.000,251,7.9,618,301,76.077,139.737,2.442,2.707,0.8746,7.938,0.097
4.587,27.482,78.284,135.000,252,27.5,795,1026,76.077,130.263,2.442,2.260,0.6811,27.482,0.111
2.824,14.533,78.284,135.000,253,14.5,478,504,76.814,147.500,3.062,3.967,0.8969,14.533,0.111
3.801,25.856,78.284,135.000,254,25.9,615,967,76.077,135.000,2.207,2.175,0.6549,25.856,0.108
2.517,24.312,78.284,135.000,255,24.3,427,888,76.077,130.263,2.442,2.962,0.6393,24.312,0.144
2.595,22.851,78.284,135.000,256,22.9,396,841,76.077,144.474,3.041,3.350,0.7357,22.851,0.134
2.552,10.306,78.284,135.000,257,10.3,412,379,76.814,142.500,2.183,2.334,0.4503,10.306,0.142
4.169,9.878,78.284,135.000,258,9.9,628,395,77.549,140.294,1.329,1.768,0.3135,9.878,0.110
2.451,28.592,78.284,135.000,259,28.6,437,1054,76.814,137.500,1.566,1.568,0.0445,28.592,0.109
1.154,25.843,78.284,135.000,25,25.8,199,936,74.603,126.429,4.184,5.726,0.6772,25.843,0.509
2.975,6.479,78.284,135.000,260,6.5,483,248,80.487,148.846,3.355,3.077,0.9532,6.479,0.093
1.027,16.085,78.284,135.000,261,16.1,175,593,74.603,169.286,8.671,8.252,0.8983,16.085,0.299
2.818,27.124,78.284,135.000,262,27.1,443,1067,76.814,137.500,1.566,2.302,0.2700,27.124,0.151
4.308,7.837,78.284,135.000,263,7.8,764,284,76.814,137.500,1.566,2.107,0.6036,7.837,0.095
0.991,10.336,78.284,135.000,264,10.3,151,396,73.127,135.000,5.157,5.032,0.7662,10.336,0.192
0.944,25.874,78.284,135.000,265,25.9,147,909,80.487,79.615,10.014,8.252,0.4638,25.874,0.682
4.774,10.795,78.284,135.000,266,10.8,824,391,78.284,137.812,0.571,1.279,0.6203,10.795,0.073
2.369,27.521,78.284,135.000,267,27.5,400,1028,75.341,141.750,3.317,3.423,0.8392,27.521,0.145
4.524,20.551,78.284,135.000,268,20.6,691,740,76.077,130.263,2.442,2.279,0.6712,20.551,0.124
3.301,8.678,78.284,135.000,269,8.7,532,314,76.814,142.500,2.183,1.956,0.5197,8.678,0.096
3.120,17.552,78.284,135.000,26,17.6,579,663,76.077,144.474,3.041,2.881,0.8285,17.552,0.111
3.095,24.624,78.284,135.000,270,24.6,531,925,81.220,123.750,3.540,3.511,0.8886,24.624,0.156
4.909,15.832,78.284,135.000,271,15.8,743,599,75.341,146.250,3.892,3.463,0.9824,15.832,0.099
1.493,23.329,78.284,135.000,272,23.3,252,862,74.603,126.429,4.184,4.268,0.7624,23.329,0.197
4.673,6.946,78.284,135.000,273,6.9,823,275,76.814,132.500,1.566,1.955,0.6812,6.946,0.081
0.525,9.757,78.284,135.000,274,9.8,87,384,68.679,162.931,12.209,13.234,0.9660,9.757,0.647
3.630,22.697,78.284,135.000,275,22.7,622,809,76.077,130.263,2.442,2.177,0.5632,22.697,0.104
3.994,7.093,78.284,135.000,276,7.1,663,323,75.341,128.250,3.317,3.631,0.9909,7.093,0.099
2.142,28.778,78.284,135.000,277,28.8,336,1045,75.341,128.250,3.317,3.283,0.5730,28.778,0.157
1.786,22.185,78.284,135.000,278,22.2,308,850,76.814,172.500,8.070,7.953,0.9938,22.185,0.172
2.134,8.627,78.284,135.000,279,8.6,381,313,76.814,147.500,3.062,2.911,0.7445,8.627,0.107
2.083,29.485,78.284,135.000,27,29.5,420,1062,75.341,96.750,9.015,7.502,0.9895,29.485,0.241
1.144,27.629,78.284,135.000,280,27.6,159,1073,77.549,135.000,0.735,3.421,0.0000,27.629,0.324
1.821,15.601,78.284,135.000,281,15.6,301,580,71.648,142.200,6.882,6.674,0.9948,15.601,0.151
0.958,14.682,78.284,135.000,282,14.7,177,554,78.284,126.562,1.712,2.208,0.2033,14.682,0.161
2.708,29.090,78.284,135.000,283,29.1,476,1063,74.603,130.714,3.813,4.209,0.9798,29.090,0.108
4.482,29.086,78.284,135.000,284,29.1,757,1154,76.077,130.263,2.442,2.568,0.8067,29.086,0.098
3.413,25.174,78.284,135.000,285,25.2,564,964,74.603,126.429,4.184,3.852,0.9697,25.174,0.110
1.397,17.698,78.284,135.000,286,17.7,231,566,84.150,95.625,8.083,7.583,0.9917,17.698,0.163
3.230,12.427,78.284,135.000,287,12.4,533,479,75.341,141.750,3.317,3.548,0.9868,12.427,0.097
3.609,25.318,78.284,135.000,288,25.3,619,963,76.077,139.737,2.442,2.266,0.5371,25.318,0.141
4.245,29.987,78.284,135.000,289,30.0,706,1105,76.077,120.789,3.833,3.638,0.9947,29.987,0.135
1.557,8.070,78.284,135.000,28,8.1,258,304,80.487,128.077,2.541,3.392,0.8371,8.070,0.141
4.326,24.136,78.284,135.000,290,24.1,716,885,77.549,129.706,1.329,1.385,0.0504,24.136,0.118
3.167,21.678,78.284,135.000,291,21.7,528,804,76.077,139.737,2.442,2.442,0.6066,21.678,0.117
2.090,23.574,78.284,135.000,292,23.6,346,851,75.341,132.750,2.987,3.971,0.6957,23.574,0.188
2.818,25.001,78.284,135.000,293,25.0,503,979,75.341,137.250,2.987,3.438,0.9120,25.001,0.108
2.100,21.608,78.284,135.000,294,21.6,394,792,73.865,141.136,4.653,4.470,0.9744,21.608,0.116
3.623,13.348,78.284,135.000,295,13.3,599,488,76.814,137.500,1.566,1.737,0.2743,13.348,0.099
3.367,25.459,78.284,135.000,296,25.5,594,929,75.341,128.250,3.317,3.158,0.8974,25.459,0.116
2.890,23.487,78.284,135.000,297,23.5,491,872,76.814,132.500,1.566,2.051,0.2034,23.487,0.125
4.451,20.224,78.284,135.000,298,20.2,758,785,76.814,142.500,2.183,2.640,0.8756,20.224,0.105
4.177,17.118,78.284,135.000,299,17.1,693,659,76.077,139.737,2.442,2.284,0.7394,17.118,0.104
2.655,28.912,78.284,135.000,29,28.9,456,1142,76.077,135.000,2.207,2.788,0.7145,28.912,0.186
2.490,16.830,78.284,135.000,2,16.8,418,609,76.077,135.000,2.207,2.782,0.5988,16.830,0.129
1.613,14.222,78.284,135.000,300,14.2,311,556,75.341,146.250,3.892,3.829,0.7640,14.222,0.193
4.617,8.533,78.284,135.000,301,8.5,744,319,76.077,139.737,2.442,2.470,0.8536,8.533,0.139
3.953,16.686,78.284,135.000,302,16.7,604,619,76.814,137.500,1.566,1.643,0.2881,16.686,0.098
1.121,23.278,78.284,135.000,303,23.3,186,829,77.549,108.529,5.541,5.621,0.7506,23.278,0.236
4.851,24.276,78.284,135.000,304,24.3,834,913,76.077,130.263,2.442,2.398,0.8141,24.276,0.132
2.608,15.859,78.284,135.000,305,15.9,435,562,75.341,141.750,3.317,3.204,0.7874,15.859,0.126
4.255,21.231,78.284,135.000,306,21.2,713,775,76.814,132.500,1.566,1.967,0.2796,21.231,0.121
2.809,12.656,78.284,135.000,307,12.7,460,382,74.603,126.429,4.184,4.012,0.9615,12.656,0.103
1.394,18.699,78.284,135.000,308,18.7,208,657,74.603,126.429,4.184,5.099,0.5286,18.699,0.314
2.699,16.468,78.284,135.000,309,16.5,440,641,79.753,138.214,1.591,2.152,0.3087,16.468,0.202
3.615,6.681,78.284,135.000,30,6.7,646,241,76.814,137.500,1.566,1.982,0.5331,6.681,0.095
1.765,10.280,78.284,135.000,310,10.3,315,360,76.814,137.500,1.566,2.323,0.2710,10.280,0.167
1.685,14.794,78.284,135.000,311,14.8,261,586,79.019,141.000,1.390,2.340,0.3412,14.794,0.161
3.486,6.774,78.284,135.000,312,6.8,577,221,76.814,137.500,1.566,1.482,0.1918,6.774,0.097
3.773,29.715,78.284,135.000,313,29.7,593,1145,76.814,132.500,1.566,1.900,0.1827,29.715,0.138
4.225,18.298,78.284,135.000,314,18.3,704,673,75.341,146.250,3.892,3.986,0.9897,18.298,0.090
2.679,14.008,78.284,135.000,315,14.0,457,570,76.814,127.500,2.183,1.902,0.2575,14.008,0.102
2.749,7.205,78.284,135.000,316,7.2,472,246,75.341,128.250,3.317,3.723,0.9427,7.205,0.104
0.847,25.170,78.284,135.000,317,25.2,165,996,76.814,142.500,2.183,3.241,0.1087,25.170,0.274
2.162,18.230,78.284,135.000,318,18.2,368,684,79.753,131.786,1.591,1.868,0.3099,18.230,0.181
3.292,6.178,78.284,135.000,319,6.2,497,216,77.549,140.294,1.329,1.454,0.1969,6.178,0.102
1.975,27.072,78.284,135.000,31,27.1,321,1061,76.814,172.500,8.070,8.379,0.9432,27.072,0.176
3.868,24.024,78.284,135.000,320,24.0,658,914,75.341,141.750,3.317,3.374,0.9657,24.024,0.097
3.028,5.932,78.284,135.000,321,5.9,524,197,75.341,128.250,3.317,3.471,0.9767,5.932,0.096
3.570,12.621,78.284,135.000,322,12.6,639,482,78.284,132.188,0.571,1.313,0.3873,12.621,0.107
2.083,21.930,78.284,135.000,323,21.9,361,834,76.814,132.500,1.566,2.008,0.1224,21.930,0.128
0.902,5.271,78.284,135.000,324,5.3,133,216,73.127,119.348,6.401,7.258,0.9626,5.271,0.232
3.120,21.915,78.284,135.000,325,21.9,523,797,73.127,146.739,5.891,5.583,0.9982,21.915,0.115
2.512,18.739,78.284,135.000,326,18.7,444,654,74.603,147.857,4.736,5.262,0.9736,18.739,0.140
3.430,6.812,78.284,135.000,327,6.8,639,252,76.814,132.500,1.566,1.523,0.2724,6.812,0.093
3.353,14.974,78.284,135.000,328,15.0,578,595,73.865,145.227,5.042,5.474,0.9969,14.974,0.118
4.706,27.252,78.284,135.000,329,27.3,765,1111,76.077,135.000,2.207,2.548,0.8515,27.252,0.093
0.803,8.726,78.284,135.000,32,8.7,133,346,75.341,119.250,4.620,5.034,0.5498,8.726,0.300
2.292,8.145,78.284,135.000,330,8.1,391,324,76.077,144.474,3.041,2.713,0.5891,8.145,0.166
2.433,16.025,78.284,135.000,331,16.0,416,567,74.603,126.429,4.184,4.094,0.9377,16.025,0.138
4.452,14.481,78.284,135.000,332,14.5,761,576,74.603,147.857,4.736,4.850,0.9998,14.481,0.096
2.758,17.464,78.284,135.000,333,17.5,514,661,70.907,143.654,7.708,6.876,0.9994,17.464,0.109
1.149,24.687,78.284,135.000,334,24.7,197,947,76.077,130.263,2.442,3.771,0.1865,24.687,0.363
1.810,27.660,78.284,135.000,335,27.7,328,1028,79.753,125.357,2.347,2.810,0.6133,27.660,0.144
3.153,24.585,78.284,135.000,336,24.6,538,921,76.077,139.737,2.442,2.681,0.5987,24.585,0.123
2.439,11.914,78.284,135.000,337,11.9,401,443,75.341,123.750,3.892,3.453,0.8695,11.914,0.110
0.996,10.605,78.284,135.000,338,10.6,164,360,78.284,160.312,5.100,5.708,0.9049,10.605,0.307
4.832,8.856,78.284,135.000,339,8.9,821,324,74.603,126.429,4.184,4.113,0.9998,8.856,0.090
0.512,16.584,78.284,135.000,33,16.6,66,610,43.407,185.081,39.868,39.904,0.9781,16.584,0.641
3.464,18.445,78.284,135.000,340,18.4,592,630,79.753,138.214,1.591,1.538,0.0088,18.445,0.111
3.240,11.379,78.284,135.000,341,11.4,535,427,81.220,146.250,3.540,3.400,0.8944,11.379,0.109
1.870,5.942,78.284,135.000,342,5.9,330,235,71.648,117.000,8.040,7.438,0.9993,5.942,0.124
0.779,25.889,78.284,135.000,343,25.9,112,1021,73.865,145.227,5.042,5.612,0.7498,25.889,0.304
3.514,26.462,78.284,135.000,344,26.5,562,1014,75.341,141.750,3.317,3.195,0.8711,26.462,0.112
2.637,9.733,78.284,135.000,345,9.7,417,377,75.341,137.250,2.987,3.253,0.8816,9.733,0.105
3.266,18.881,78.284,135.000,346,18.9,584,662,76.077,139.737,2.442,2.827,0.7573,18.881,0.106
1.773,28.504,78.284,135.000,347,28.5,346,1056,79.753,131.786,1.591,2.065,0.4576,28.504,0.144
1.428,27.766,78.284,135.000,348,27.8,261,1038,80.487,128.077,2.541,3.242,0.4066,27.766,0.213
3.666,11.839,78.284,135.000,349,11.8,647,439,76.814,127.500,2.183,2.609,0.8491,11.839,0.131
3.590,9.142,78.284,135.000,34,9.1,615,363,76.077,139.737,2.442,2.700,0.8834,9.142,0.090
4.123,22.571,78.284,135.000,350,22.6,688,819,75.341,141.750,3.317,3.479,0.9642,22.571,0.114
1.203,29.739,78.284,135.000,351,29.7,230,1136,76.077,87.632,10.425,10.232,0.9750,29.739,0.208
1.453,25.989,78.284,135.000,352,26.0,246,972,76.077,139.737,2.442,2.927,0.2471,25.989,0.218
4.421,11.877,78.284,135.000,353,11.9,791,375,76.077,130.263,2.442,2.148,0.7424,11.877,0.083
2.376,25.125,78.284,135.000,354,25.1,377,930,76.814,147.500,3.062,3.050,0.7157,25.125,0.133
0.842,7.299,78.284,135.000,355,7.3,141,261,78.284,137.812,0.571,5.675,0.1140,7.299,0.336
1.744,22.045,78.284,135.000,356,22.0,298,854,76.814,132.500,1.566,2.186,0.1751,22.045,0.175
4.482,25.208,78.284,135.000,357,25.2,802,933,76.814,132.500,1.566,1.563,0.3059,25.208,0.096
2.684,25.367,78.284,135.000,358,25.4,458,970,74.603,139.286,3.813,3.757,0.9379,25.367,0.121
2.198,5.607,78.284,135.000,359,5.6,382,199,76.814,137.500,1.566,2.080,0.3167,5.607,0.118
4.501,16.838,78.284,135.000,35,16.8,746,641,76.814,137.500,1.566,1.959,0.6080,16.838,0.099
2.310,13.747,78.284,135.000,360,13.7,402,497,74.603,130.714,3.813,4.189,0.9818,13.747,0.110
3.798,20.966,78.284,135.000,361,21.0,690,794,76.077,144.474,3.041,2.769,0.8306,20.966,0.090
1.181,21.079,78.284,135.000,362,21.1,205,705,75.341,137.250,2.987,3.448,0.4879,21.079,0.215
4.148,13.546,78.284,135.000,363,13.5,695,528,76.077,139.737,2.442,2.454,0.8214,13.546,0.096
4.456,22.298,78.284,135.000,364,22.3,753,816,76.814,142.500,2.183,2.424,0.8018,22.298,0.117
1.451,21.375,78.284,135.000,365,21.4,267,845,77.549,140.294,1.329,2.611,0.1108,21.375,0.244
2.054,27.162,78.284,135.000,366,27.2,355,1000,70.907,122.885,8.011,7.878,0.9920,27.162,0.182
2.286,26.834,78.284,135.000,367,26.8,405,1056,71.648,149.400,7.568,7.124,0.9952,26.834,0.141
1.075,19.028,78.284,135.000,368,19.0,207,728,77.549,129.706,1.329,2.100,0.1058,19.028,0.220
1.466,23.906,78.284,135.000,369,23.9,237,872,74.603,126.429,4.184,4.896,0.7805,23.906,0.204
4.579,17.619,78.284,135.000,36,17.6,781,625,76.077,139.737,2.442,2.127,0.6069,17.619,0.113
1.911,16.143,78.284,135.000,370,16.1,328,626,75.341,128.250,3.317,3.360,0.7809,16.143,0.129
4.507,17.226,78.284,135.000,371,17.2,764,643,76.077,130.263,2.442,2.637,0.8255,17.226,0.100
0.695,19.726,78.284,135.000,372,19.7,117,707,75.341,168.750,8.101,7.073,0.6400,19.726,0.418
1.595,9.982,78.284,135.000,373,10.0,250,322,75.341,132.750,2.987,3.558,0.8251,9.982,0.123
0.590,20.372,78.284,135.000,374,20.4,93,791,56.637,149.000,22.156,22.467,0.9913,20.372,1.007
0.547,16.832,78.284,135.000,375,16.8,88,620,76.814,147.500,3.062,6.268,0.1145,16.832,0.743
3.248,23.467,78.284,135.000,376,23.5,572,847,75.341,128.250,3.317,3.050,0.7393,23.467,0.136
4.214,8.392,78.284,135.000,377,8.4,726,305,76.077,139.737,2.442,2.551,0.8998,8.392,0.090
1.003,10.989,78.284,135.000,378,11.0,191,449,76.814,132.500,1.566,2.193,0.1111,10.989,0.146
4.142,8.886,78.284,135.000,379,8.9,665,313,79.753,131.786,1.591,1.901,0.4848,8.886,0.097
1.560,26.172,78.284,135.000,37,26.2,263,968,74.603,122.143,4.736,5.242,0.8863,26.172,0.184
1.163,22.578,78.284,135.000,380,22.6,186,855,74.603,147.857,4.736,4.561,0.6665,22.578,0.198
0.615,27.397,78.284,135.000,381,27.4,119,1016,72.388,144.375,6.338,6.884,0.8606,27.397,0.799
2.936,23.379,78.284,135.000,382,23.4,478,826,74.603,143.571,4.184,4.107,0.9426,23.379,0.152
2.500,15.445,78.284,135.000,383,15.4,411,616,76.814,132.500,1.566,1.998,0.3650,15.445,0.106
1.352,5.876,78.284,135.000,384,5.9,197,221,75.341,146.250,3.892,3.639,0.5748,5.876,0.173
2.327,23.553,78.284,135.000,385,23.6,380,896,76.814,132.500,1.566,2.210,0.3206,23.553,0.124
2.006,14.669,78.284,135.000,386,14.7,326,624,76.077,139.737,2.442,2.981,0.4658,14.669,0.171
1.685,13.386,78.284,135.000,387,13.4,306,508,74.603,126.429,4.184,4.623,0.8761,13.386,0.163
0.743,17.268,78.284,135.000,388,17.3,109,643,81.220,123.750,3.540,4.319,0.4844,17.268,0.261
1.217,18.835,78.284,135.000,389,18.8,206,729,74.603,135.000,3.681,5.101,0.7716,18.835,0.246
4.078,5.854,78.284,135.000,38,5.9,737,214,76.814,127.500,2.183,2.230,0.7968,5.854,0.083
0.517,18.449,78.284,135.000,390,18.4,83,671,79.019,135.000,0.735,4.293,0.2164,18.449,0.964
3.708,6.427,78.284,135.000,391,6.4,595,246,79.753,131.786,1.591,2.143,0.9132,6.427,0.102
2.311,14.576,78.284,135.000,392,14.6,387,583,81.220,168.750,6.554,5.750,0.8061,14.576,0.136
4.419,7.354,78.284,135.000,393,7.4,735,312,76.077,139.737,2.442,2.493,0.8768,7.354,0.097
0.979,17.570,78.284,135.000,394,17.6,173,642,77.549,135.000,0.735,4.057,0.0000,17.570,0.337
1.138,8.732,78.284,135.000,395,8.7,194,325,75.341,137.250,2.987,3.701,0.5365,8.732,0.177
4.270,15.294,78.284,135.000,396,15.3,788,593,74.603,147.857,4.736,4.550,0.9999,15.294,0.087
2.128,15.490,78.284,135.000,397,15.5,402,596,75.341,119.250,4.620,4.184,0.8634,15.490,0.195
2.116,22.842,78.284,135.000,398,22.8,349,914,73.865,149.318,5.572,5.558,0.9676,22.842,0.160
0.595,19.807,78.284,135.000,399,19.8,89,735,71.648,145.800,7.176,8.929,0.8132,19.807,0.580
4.518,15.277,78.284,135.000,39,15.3,758,573,76.814,142.500,2.183,2.419,0.8162,15.277,0.088
4.164,18.763,78.284,135.000,3,18.8,731,731,76.077,139.737,2.442,2.362,0.7541,18.763,0.093
3.518,16.326,78.284,135.000,400,16.3,599,631,75.341,137.250,2.987,3.446,0.9778,16.326,0.117
4.353,15.934,78.284,135.000,401,15.9,799,601,76.077,144.474,3.041,3.350,0.9824,15.934,0.083
3.399,27.033,78.284,135.000,402,27.0,580,1033,79.753,138.214,1.591,1.941,0.3356,27.033,0.121
4.806,27.068,78.284,135.000,403,27.1,840,944,75.341,141.750,3.317,2.980,0.9140,27.068,0.093
2.398,13.182,78.284,135.000,404,13.2,407,512,74.603,126.429,4.184,3.893,0.9661,13.182,0.112
3.619,27.103,78.284,135.000,405,27.1,619,965,76.814,132.500,1.566,2.186,0.5659,27.103,0.103
1.663,25.458,78.284,135.000,406,25.5,304,976,80.487,135.000,2.202,2.596,0.4883,25.458,0.144
3.980,22.162,78.284,135.000,407,22.2,688,813,76.077,139.737,2.442,2.487,0.8410,22.162,0.099
1.488,5.994,78.284,135.000,408,6.0,246,257,79.753,118.929,3.381,3.690,0.6725,5.994,0.134
3.224,16.827,78.284,135.000,409,16.8,567,656,76.077,139.737,2.442,2.249,0.5842,16.827,0.108
2.321,13.246,78.284,135.000,40,13.2,367,525,77.549,129.706,1.329,1.602,0.1360,13.246,0.114
1.874,17.655,78.284,135.000,410,17.7,348,685,76.814,132.500,1.566,1.973,0.1737,17.655,0.127
3.683,21.584,78.284,135.000,411,21.6,650,794,76.077,135.000,2.207,2.225,0.6876,21.584,0.101
4.495,8.759,78.284,135.000,412,8.8,799,325,76.077,139.737,2.442,2.451,0.8427,8.759,0.088
1.459,22.555,78.284,135.000,413,22.6,240,830,76.077,139.737,2.442,3.170,0.4501,22.555,0.179
4.911,19.390,78.284,135.000,414,19.4,823,708,76.077,139.737,2.442,2.493,0.8830,19.390,0.102
2.097,20.908,78.284,135.000,415,20.9,356,798,79.753,131.786,1.591,2.075,0.3634,20.908,0.160
3.043,16.762,78.284,135.000,416,16.8,529,653,76.077,135.000,2.207,2.239,0.5393,16.762,0.226
4.272,17.230,78.284,135.000,417,17.2,728,624,75.341,128.250,3.317,3.332,0.9588,17.230,0.104
4.888,17.921,78.284,135.000,418,17.9,837,677,76.077,139.737,2.442,2.453,0.7354,17.921,0.099
3.028,7.421,78.284,135.000,419,7.4,526,247,79.019,129.000,1.390,1.481,0.1518,7.421,0.112
4.909,24.952,78.284,135.000,41,25.0,826,919,76.814,137.500,1.566,1.379,0.1473,24.952,0.125
3.753,12.604,78.284,135.000,420,12.6,657,448,76.814,132.500,1.566,1.661,0.4091,12.604,0.102
4.957,27.080,78.284,135.000,421,27.1,852,972,75.341,132.750,2.987,3.273,0.9687,27.080,0.101
2.146,19.605,78.284,135.000,422,19.6,364,776,75.341,123.750,3.892,4.030,0.9262,19.605,0.145
2.795,26.192,78.284,135.000,423,26.2,487,1002,76.077,144.474,3.041,2.925,0.7528,26.192,0.120
0.531,14.694,78.284,135.000,424,14.7,88,549,75.341,132.750,2.987,4.233,0.3239,14.694,0.511
2.440,29.659,78.284,135.000,425,29.7,434,1076,76.077,144.474,3.041,2.844,0.4782,29.659,0.142
2.274,16.494,78.284,135.000,426,16.5,344,561,76.077,144.474,3.041,3.441,0.7706,16.494,0.129
1.447,10.991,78.284,135.000,427,11.0,275,377,76.077,144.474,3.041,3.314,0.6367,10.991,0.177
3.464,10.491,78.284,135.000,428,10.5,569,401,76.077,135.000,2.207,2.237,0.6342,10.491,0.091
4.963,18.227,78.284,135.000,429,18.2,848,668,76.814,127.500,2.183,2.002,0.6650,18.227,0.113
4.651,27.375,78.284,135.000,42,27.4,806,1030,76.814,137.500,1.566,1.908,0.5276,27.375,0.115
3.094,29.891,78.284,135.000,430,29.9,521,1104,76.814,132.500,1.566,2.228,0.3273,29.891,0.114
0.625,6.489,78.284,135.000,431,6.5,117,254,75.341,119.250,4.620,4.857,0.6474,6.489,0.288
0.792,19.840,78.284,135.000,432,19.8,141,751,74.603,177.857,10.408,10.190,0.9506,19.840,0.583
3.410,7.691,78.284,135.000,433,7.7,561,317,75.341,132.750,2.987,3.462,0.9706,7.691,0.094
3.117,15.096,78.284,135.000,434,15.1,491,512,76.077,135.000,2.207,2.520,0.6774,15.096,0.098
2.758,11.053,78.284,135.000,435,11.1,451,415,76.814,142.500,2.183,2.222,0.4652,11.053,0.116
3.622,17.840,78.284,135.000,436,17.8,614,671,76.077,130.263,2.442,2.303,0.6023,17.840,0.096
4.215,20.824,78.284,135.000,437,20.8,725,769,76.077,139.737,2.442,2.819,0.8866,20.824,0.102
4.460,6.368,78.284,135.000,438,6.4,745,234,77.549,135.000,0.735,1.088,0.0000,6.368,0.099
0.744,25.135,78.284,135.000,439,25.1,125,971,73.865,116.591,6.206,5.826,0.7393,25.135,0.298
1.471,14.775,78.284,135.000,43,14.8,234,508,72.388,155.625,7.790,8.302,0.9993,14.775,0.153
4.662,25.620,78.284,135.000,440,25.6,753,908,75.341,141.750,3.317,3.098,0.9535,25.620,0.099
1.342,24.944,78.284,135.000,441,24.9,222,967,75.341,141.750,3.317,3.988,0.5477,24.944,0.305
1.097,9.221,78.284,135.000,442,9.2,172,361,76.814,137.500,1.566,2.524,0.0994,9.221,0.254
4.970,29.984,78.284,135.000,443,30.0,795,1203,76.077,139.737,2.442,2.650,0.8897,29.984,0.095
3.162,13.235,78.284,135.000,444,13.2,541,510,75.341,128.250,3.317,3.088,0.8843,13.235,0.123
3.068,20.715,78.284,135.000,445,20.7,503,804,76.814,137.500,1.566,1.891,0.3600,20.715,0.099
1.219,26.871,78.284,135.000,446,26.9,195,1066,80.487,93.462,7.769,8.518,0.9445,26.871,0.286
2.559,5.626,78.284,135.000,447,5.6,446,193,76.814,132.500,1.566,1.540,0.0955,5.626,0.115
4.550,5.336,78.284,135.000,448,5.3,764,222,79.753,131.786,1.591,1.740,0.8209,5.336,0.092
3.077,12.103,78.284,135.000,449,12.1,480,386,76.814,132.500,1.566,1.728,0.0639,12.103,0.125
1.554,26.641,78.284,135.000,44,26.6,286,1023,74.603,130.714,3.813,5.841,0.8323,26.641,0.181
2.962,20.770,78.284,135.000,450,20.8,505,777,75.341,141.750,3.317,3.083,0.7901,20.770,0.126
0.582,15.930,78.284,135.000,451,15.9,91,600,72.388,121.875,6.733,5.890,0.7636,15.930,0.233
0.600,29.335,78.284,135.000,452,29.3,103,1098,79.753,144.643,2.347,3.700,0.6121,29.335,0.251
1.326,5.999,78.284,135.000,453,6.0,254,223,76.077,177.632,9.479,8.007,0.9918,5.999,0.213
1.080,19.439,78.284,135.000,454,19.4,174,690,74.603,156.429,6.168,6.825,0.9303,19.439,0.196
2.443,16.164,78.284,135.000,455,16.2,423,615,76.814,132.500,1.566,2.113,0.3277,16.164,0.110
3.341,17.746,78.284,135.000,456,17.7,525,612,75.341,137.250,2.987,3.068,0.8436,17.746,0.127
0.967,14.964,78.284,135.000,457,15.0,181,593,64.199,155.571,15.356,14.070,0.9751,14.964,0.278
1.210,9.011,78.284,135.000,458,9.0,207,336,73.865,145.227,5.042,6.031,0.9217,9.011,0.185
4.328,13.704,78.284,135.000,459,13.7,706,483,76.814,132.500,1.566,1.698,0.3931,13.704,0.099
3.031,12.881,78.284,135.000,45,12.9,495,443,81.953,118.636,4.585,4.647,0.9699,12.881,0.126
2.153,18.456,78.284,135.000,460,18.5,400,677,74.603,182.143,11.277,11.076,0.9881,18.456,0.180
3.999,20.238,78.284,135.000,461,20.2,648,742,76.077,139.737,2.442,2.706,0.8600,20.238,0.097
1.449,18.480,78.284,135.000,462,18.5,300,687,74.603,143.571,4.184,4.184,0.8085,18.480,0.165
2.103,21.363,78.284,135.000,463,21.4,349,812,75.341,146.250,3.892,3.658,0.7664,21.363,0.131
2.989,21.144,78.284,135.000,464,21.1,501,812,79.753,131.786,1.591,1.764,0.1013,21.144,0.124
3.859,29.222,78.284,135.000,465,29.2,656,1067,76.077,125.526,3.041,2.996,0.7612,29.222,0.137
4.644,22.409,78.284,135.000,466,22.4,788,854,75.341,141.750,3.317,3.063,0.9546,22.409,0.086
4.187,25.630,78.284,135.000,467,25.6,705,917,74.603,139.286,3.813,3.692,0.9932,25.630,0.103
0.646,7.413,78.284,135.000,468,7.4,124,265,79.753,151.071,3.381,3.993,0.7341,7.413,0.217
4.150,26.346,78.284,135.000,469,26.3,684,1022,75.341,128.250,3.317,3.488,0.9473,26.346,0.125
2.502,29.886,78.284,135.000,46,29.9,453,1037,80.487,169.615,6.626,7.006,0.9933,29.886,0.144
4.611,5.517,78.284,135.000,470,5.5,744,208,76.814,137.500,1.566,1.553,0.3351,5.517,0.090
2.469,8.092,78.284,135.000,471,8.1,439,286,75.341,141.750,3.317,3.082,0.8320,8.092,0.099
3.092,18.827,78.284,135.000,472,18.8,511,738,76.814,137.500,1.566,1.898,0.2899,18.827,0.121
3.379,13.968,78.284,135.000,473,14.0,613,537,73.127,146.739,5.891,5.818,0.9975,13.968,0.114
4.178,8.239,78.284,135.000,474,8.2,729,296,75.341,150.750,4.620,4.581,0.9996,8.239,0.095
1.162,25.196,78.284,135.000,475,25.2,194,966,74.603,135.000,3.681,5.097,0.8250,25.196,0.195
0.715,19.764,78.284,135.000,476,19.8,103,777,77.549,156.176,4.468,5.531,0.6558,19.764,0.421
0.882,29.617,78.284,135.000,477,29.6,158,1119,64.199,109.286,16.017,15.900,0.9866,29.617,0.478
3.892,7.899,78.284,135.000,478,7.9,673,307,76.077,130.263,2.442,2.663,0.9120,7.899,0.086
3.893,28.488,78.284,135.000,479,28.5,658,1091,79.753,125.357,2.347,2.118,0.6100,28.488,0.109
2.351,12.216,78.284,135.000,47,12.2,388,501,76.814,127.500,2.183,2.784,0.5112,12.216,0.142
2.468,29.820,78.284,135.000,480,29.8,465,1098,74.603,139.286,3.813,4.474,0.9666,29.820,0.122
2.314,22.296,78.284,135.000,481,22.3,393,842,76.814,127.500,2.183,2.745,0.4931,22.296,0.153
1.605,20.940,78.284,135.000,482,20.9,269,798,73.127,146.739,5.891,6.346,0.9511,20.940,0.211
2.826,9.157,78.284,135.000,483,9.2,507,335,76.077,135.000,2.207,2.803,0.8824,9.157,0.091
1.835,22.919,78.284,135.000,484,22.9,338,874,71.648,142.200,6.882,6.482,0.9786,22.919,0.163
0.712,29.404,78.284,135.000,485,29.4,137,1043,77.549,156.176,4.468,4.628,0.7386,29.404,0.252
0.974,16.256,78.284,135.000,486,16.3,161,622,72.388,136.875,5.915,7.307,0.9984,16.256,0.224
3.862,16.049,78.284,135.000,487,16.0,672,612,76.077,139.737,2.442,2.632,0.8808,16.049,0.087
3.816,16.941,78.284,135.000,488,16.9,612,573,77.549,129.706,1.329,1.608,0.4552,16.941,0.122
3.036,9.862,78.284,135.000,489,9.9,520,386,74.603,143.571,4.184,3.890,0.9809,9.862,0.105
3.971,27.179,78.284,135.000,48,27.2,661,936,76.077,153.947,4.718,5.602,0.9977,27.179,0.108
4.889,12.715,78.284,135.000,490,12.7,813,484,76.077,135.000,2.207,2.315,0.8080,12.715,0.090
2.895,27.848,78.284,135.000,491,27.8,489,1063,74.603,143.571,4.184,4.003,0.9038,27.848,0.143
3.975,16.834,78.284,135.000,492,16.8,643,585,75.341,132.750,2.987,2.979,0.9135,16.834,0.090
1.099,12.117,78.284,135.000,493,12.1,162,415,76.077,116.053,4.718,4.828,0.5495,12.117,0.278
1.371,14.078,78.284,135.000,494,14.1,219,501,73.865,141.136,4.653,4.860,0.8040,14.078,0.201
2.053,22.131,78.284,135.000,495,22.1,325,755,74.603,147.857,4.736,4.890,0.9035,22.131,0.153
2.670,24.793,78.284,135.000,496,24.8,432,951,77.549,135.000,0.735,1.350,0.0000,24.793,0.124
4.591,8.297,78.284,135.000,497,8.3,913,321,76.077,130.263,2.442,2.220,0.8701,8.297,0.098
1.969,10.902,78.284,135.000,498,10.9,332,400,75.341,137.250,2.987,3.505,0.7547,10.902,0.155
3.097,18.145,78.284,135.000,499,18.1,512,795,76.077,130.263,2.442,2.878,0.8646,18.145,0.120
3.115,21.596,78.284,135.000,49,21.6,551,870,75.341,128.250,3.317,3.394,0.9597,21.596,0.126
3.849,10.681,78.284,135.000,4,10.7,682,386,76.814,142.500,2.183,2.545,0.8835,10.681,0.089
2.142,12.874,78.284,135.000,500,12.9,393,484,76.077,135.000,2.207,2.455,0.4963,12.874,0.131
1.245,6.016,78.284,135.000,501,6.0,172,208,73.865,161.591,7.668,7.702,0.8221,6.016,0.247
3.813,20.901,78.284,135.000,502,20.9,649,795,76.814,122.500,3.062,2.592,0.8754,20.901,0.098
4.317,25.232,78.284,135.000,503,25.2,738,972,76.077,135.000,2.207,2.475,0.8031,25.232,0.113
4.256,25.116,78.284,135.000,504,25.1,715,948,74.603,143.571,4.184,3.897,0.9955,25.116,0.099
3.281,15.957,78.284,135.000,505,16.0,559,556,73.865,137.045,4.445,4.182,0.9958,15.957,0.092
2.513,12.691,78.284,135.000,506,12.7,396,466,79.019,129.000,1.390,2.698,0.5434,12.691,0.150
0.959,6.362,78.284,135.000,507,6.4,135,268,76.814,142.500,2.183,3.759,0.0708,6.362,0.308
2.927,26.668,78.284,135.000,508,26.7,457,940,80.487,169.615,6.626,5.123,0.8302,26.668,0.161
4.013,13.778,78.284,135.000,509,13.8,691,528,76.077,130.263,2.442,2.881,0.8797,13.778,0.100
3.877,12.517,78.284,135.000,50,12.5,688,468,74.603,139.286,3.813,4.497,0.9988,12.517,0.173
1.046,29.400,78.284,135.000,510,29.4,176,1073,71.648,120.600,7.568,6.752,0.7881,29.400,0.406
1.011,20.100,78.284,135.000,511,20.1,165,741,74.603,139.286,3.813,4.247,0.6777,20.100,0.221
1.378,18.222,78.284,135.000,512,18.2,215,674,77.549,135.000,0.735,2.329,0.0000,18.222,0.198
1.415,28.668,78.284,135.000,513,28.7,233,1092,76.814,137.500,1.566,2.333,0.0303,28.668,0.196
2.465,13.177,78.284,135.000,514,13.2,434,521,74.603,122.143,4.736,4.940,0.9870,13.177,0.121
4.203,11.994,78.284,135.000,515,12.0,655,464,77.549,140.294,1.329,1.726,0.4917,11.994,0.103
1.201,18.472,78.284,135.000,516,18.5,171,729,82.685,85.500,8.889,13.066,0.9871,18.472,0.366
2.073,26.517,78.284,135.000,517,26.5,354,969,76.077,144.474,3.041,3.722,0.5954,26.517,0.215
4.502,15.685,78.284,135.000,518,15.7,773,608,74.603,130.714,3.813,3.757,0.9981,15.685,0.090
2.283,18.038,78.284,135.000,519,18.0,385,716,75.341,137.250,2.987,3.029,0.7762,18.038,0.128
0.834,29.979,78.284,135.000,51,30.0,137,1079,76.814,137.500,1.566,3.494,0.0702,29.979,0.419
4.689,8.359,78.284,135.000,520,8.4,845,282,75.341,141.750,3.317,3.099,0.9641,8.359,0.081
0.507,17.111,78.284,135.000,521,17.1,69,621,64.948,117.794,14.260,28.197,0.9874,17.111,4.928
3.673,5.647,78.284,135.000,522,5.6,601,195,76.814,132.500,1.566,1.904,0.4895,5.647,0.091
4.055,17.730,78.284,135.000,523,17.7,630,650,79.753,138.214,1.591,2.088,0.6413,17.730,0.111
1.695,5.092,78.284,135.000,524,5.1,288,164,77.549,129.706,1.329,3.004,0.2404,5.092,0.149
1.108,21.568,78.284,135.000,525,21.6,198,805,81.220,116.250,4.407,4.180,0.6010,21.568,0.218
1.157,11.620,78.284,135.000,526,11.6,184,428,81.220,116.250,4.407,3.883,0.8702,11.620,0.143
3.150,5.871,78.284,135.000,527,5.9,540,221,74.603,143.571,4.184,4.112,0.9889,5.871,0.120
2.115,7.769,78.284,135.000,528,7.8,318,263,76.814,142.500,2.183,2.615,0.5086,7.769,0.146
0.783,9.497,78.284,135.000,529,9.5,131,361,78.284,171.562,7.304,6.704,0.8935,9.497,0.220
3.641,23.186,78.284,135.000,52,23.2,606,834,76.077,139.737,2.442,2.991,0.8054,23.186,0.121
2.756,25.648,78.284,135.000,530,25.6,464,966,75.341,137.250,2.987,2.913,0.8026,25.648,0.159
2.417,10.170,78.284,135.000,531,10.2,423,389,77.549,135.000,0.735,1.482,0.0000,10.170,0.109
0.978,22.189,78.284,135.000,532,22.2,164,862,74.603,122.143,4.736,6.604,0.7853,22.189,0.331
0.790,23.291,78.284,135.000,533,23.3,144,858,71.648,149.400,7.568,7.766,0.9080,23.291,0.278
0.929,29.398,78.284,135.000,534,29.4,143,1013,75.341,227.250,19.043,20.119,0.9920,29.398,0.448
1.885,18.549,78.284,135.000,535,18.5,347,676,73.865,128.864,4.653,5.290,0.9753,18.549,0.140
4.298,11.330,78.284,135.000,536,11.3,755,434,77.549,135.000,0.735,1.178,0.0000,11.330,0.116
4.580,27.293,78.284,135.000,537,27.3,747,997,76.814,127.500,2.183,2.120,0.6103,27.293,0.120
2.558,9.903,78.284,135.000,538,9.9,424,378,76.077,130.263,2.442,2.797,0.7887,9.903,0.121
1.589,15.424,78.284,135.000,539,15.4,277,572,76.077,125.526,3.041,3.257,0.5575,15.424,0.156
0.803,5.120,78.284,135.000,53,5.1,140,204,76.814,172.500,8.070,6.417,0.6484,5.120,0.239
2.379,22.931,78.284,135.000,540,22.9,381,852,75.341,141.750,3.317,3.518,0.8098,22.931,0.144
1.985,13.897,78.284,135.000,541,13.9,325,503,77.549,129.706,1.329,1.734,0.0241,13.897,0.122
3.970,29.455,78.284,135.000,542,29.5,678,1106,76.814,132.500,1.566,1.780,0.2903,29.455,0.117
3.603,22.158,78.284,135.000,543,22.2,597,762,76.814,142.500,2.183,2.271,0.5405,22.158,0.187
1.538,25.227,78.284,135.000,544,25.2,217,968,69.423,133.393,8.872,9.235,0.9877,25.227,0.291
3.385,12.054,78.284,135.000,545,12.1,557,457,76.077,139.737,2.442,2.179,0.6306,12.054,0.113
0.573,25.673,78.284,135.000,546,25.7,81,948,64.199,124.714,14.416,14.180,0.9291,25.673,2.195
0.885,26.612,78.284,135.000,547,26.6,173,875,79.019,159.000,4.744,5.098,0.6736,26.612,0.295
4.427,22.430,78.284,135.000,548,22.4,725,799,76.077,130.263,2.442,2.182,0.6800,22.430,0.095
2.221,5.016,78.284,135.000,549,5.0,360,181,74.603,122.143,4.736,4.270,0.8483,5.016,0.120
3.525,7.966,78.284,135.000,54,8.0,604,278,76.077,130.263,2.442,2.458,0.7920,7.966,0.097
1.983,15.049,78.284,135.000,550,15.0,353,496,76.814,117.500,4.031,4.827,0.9263,15.049,0.128
2.107,9.907,78.284,135.000,551,9.9,346,383,76.814,137.500,1.566,2.238,0.3270,9.907,0.115
3.850,17.564,78.284,135.000,552,17.6,656,665,76.077,130.263,2.442,2.406,0.8262,17.564,0.089
4.756,10.594,78.284,135.000,553,10.6,774,412,76.814,142.500,2.183,2.126,0.5836,10.594,0.122
3.236,28.483,78.284,135.000,554,28.5,537,1034,76.814,137.500,1.566,1.575,0.1251,28.483,0.120
4.271,26.105,78.284,135.000,555,26.1,661,997,76.077,144.474,3.041,3.146,0.9073,26.105,0.107
1.029,9.079,78.284,135.000,556,9.1,162,366,74.603,143.571,4.184,5.581,0.8996,9.079,0.205
2.841,29.863,78.284,135.000,557,29.9,515,1173,76.814,137.500,1.566,2.292,0.4241,29.863,0.125
0.615,16.335,78.284,135.000,558,16.3,119,626,69.423,184.821,15.690,14.198,0.9314,16.335,0.484
1.012,27.929,78.284,135.000,559,27.9,166,1119,73.865,149.318,5.572,5.935,0.7009,27.929,0.309
4.076,18.983,78.284,135.000,55,19.0,728,733,76.814,137.500,1.566,1.880,0.4579,18.983,0.100
2.438,22.023,78.284,135.000,560,22.0,402,899,76.077,130.263,2.442,2.734,0.7200,22.023,0.134
0.954,27.645,78.284,135.000,561,27.6,149,1005,74.603,135.000,3.681,4.257,0.6870,27.645,0.223
2.549,27.530,78.284,135.000,562,27.5,446,985,76.077,135.000,2.207,2.199,0.3647,27.530,0.120
2.417,24.398,78.284,135.000,563,24.4,432,882,80.487,141.923,2.541,3.938,0.7033,24.398,0.163
4.092,14.646,78.284,135.000,564,14.6,702,527,76.077,135.000,2.207,2.623,0.8848,14.646,0.079
3.665,29.485,78.284,135.000,565,29.5,648,1147,74.603,143.571,4.184,3.983,0.9681,29.485,0.124
4.116,18.915,78.284,135.000,566,18.9,737,756,81.220,146.250,3.540,4.094,0.9942,18.915,0.105
4.431,9.839,78.284,135.000,567,9.8,738,332,76.077,139.737,2.442,2.930,0.9243,9.839,0.093
2.159,19.494,78.284,135.000,568,19.5,413,718,76.077,149.211,3.833,3.937,0.9412,19.494,0.120
4.602,5.355,78.284,135.000,569,5.4,831,225,76.814,142.500,2.183,1.912,0.6454,5.355,0.107
2.032,20.661,78.284,135.000,56,20.7,372,745,74.603,143.571,4.184,3.909,0.9277,20.661,0.141
2.588,14.155,78.284,135.000,570,14.2,455,559,79.753,125.357,2.347,2.683,0.7016,14.155,0.112
2.970,19.945,78.284,135.000,571,19.9,452,698,73.865,145.227,5.042,4.969,0.9820,19.945,0.134
3.012,8.156,78.284,135.000,572,8.2,505,297,81.953,143.182,3.919,4.247,0.9991,8.156,0.104
0.791,12.007,78.284,135.000,573,12.0,129,480,74.603,147.857,4.736,5.184,0.7854,12.007,0.253
2.371,5.549,78.284,135.000,574,5.5,396,201,79.753,176.786,7.911,7.326,0.9924,5.549,0.136
4.693,9.750,78.284,135.000,575,9.7,789,319,74.603,130.714,3.813,3.742,0.9993,9.750,0.092
3.651,20.382,78.284,135.000,576,20.4,624,720,79.753,138.214,1.591,1.588,0.3215,20.382,0.133
1.218,15.658,78.284,135.000,577,15.7,226,616,76.814,92.500,9.068,8.978,0.9474,15.658,0.246
4.141,7.685,78.284,135.000,578,7.7,702,314,75.341,137.250,2.987,2.624,0.9236,7.685,0.082
1.306,23.115,78.284,135.000,579,23.1,245,888,76.077,135.000,2.207,2.898,0.4504,23.115,0.162
2.894,12.361,78.284,135.000,57,12.4,459,437,76.077,125.526,3.041,3.075,0.7693,12.361,0.100
4.393,26.814,78.284,135.000,580,26.8,743,1020,77.549,135.000,0.735,1.352,0.0000,26.814,0.116
4.415,8.666,78.284,135.000,581,8.7,757,327,76.077,135.000,2.207,2.544,0.8827,8.666,0.087
1.474,23.293,78.284,135.000,582,23.3,245,834,70.907,150.577,8.396,7.673,0.8474,23.293,0.267
4.800,25.602,78.284,135.000,583,25.6,834,989,74.603,139.286,3.813,4.230,0.9996,25.602,0.108
2.762,11.671,78.284,135.000,584,11.7,440,451,75.341,132.750,2.987,2.922,0.8807,11.671,0.108
0.708,20.841,78.284,135.000,585,20.8,104,758,67.935,118.500,11.307,12.662,0.8790,20.841,0.667
1.162,5.123,78.284,135.000,586,5.1,190,196,81.220,93.750,7.695,5.829,0.6132,5.123,0.217
1.887,7.970,78.284,135.000,587,8.0,315,357,75.341,141.750,3.317,3.534,0.8610,7.970,0.136
1.245,9.065,78.284,135.000,588,9.1,193,340,75.341,132.750,2.987,4.767,0.5957,9.065,0.214
2.490,24.324,78.284,135.000,589,24.3,417,898,76.814,137.500,1.566,2.126,0.2725,24.324,0.142
1.569,5.677,78.284,135.000,58,5.7,249,227,75.341,150.750,4.620,4.284,0.8435,5.677,0.150
3.347,21.689,78.284,135.000,590,21.7,553,781,75.341,128.250,3.317,3.315,0.8787,21.689,0.102
2.457,8.254,78.284,135.000,591,8.3,393,293,76.077,130.263,2.442,2.700,0.6621,8.254,0.105
2.879,13.137,78.284,135.000,592,13.1,517,490,75.341,146.250,3.892,3.812,0.9679,13.137,0.141
3.077,6.875,78.284,135.000,593,6.9,557,277,75.341,123.750,3.892,3.834,0.9889,6.875,0.106
2.638,27.844,78.284,135.000,594,27.8,455,1054,75.341,141.750,3.317,3.670,0.8956,27.844,0.128
1.394,19.954,78.284,135.000,595,20.0,233,695,75.341,137.250,2.987,3.659,0.5473,19.954,0.167
4.448,21.341,78.284,135.000,596,21.3,772,803,76.077,139.737,2.442,2.464,0.7871,21.341,0.106
1.646,16.113,78.284,135.000,597,16.1,309,580,76.814,142.500,2.183,2.489,0.3961,16.113,0.139
1.264,22.195,78.284,135.000,598,22.2,214,830,81.220,93.750,7.695,7.168,0.9170,22.195,0.227
4.274,19.864,78.284,135.000,599,19.9,760,754,76.814,132.500,1.566,1.770,0.4739,19.864,0.096
